customer_text,generated_reply,llm_judge_score,llm_judge_reason,human_score,human_notes
@SpotifyCares Thanks for your information 🙏🏼,You're very welcome! Feel free to reach back out if you need help with anything else. Happy listening! 💚,5,"The agent provides a polite, warm, and brand-appropriate closing response to the customer's thank-you message.",,5,Appropriate, friendly, and concise response to a thank-you message.
Used moms postpaid # to subscribe to @115888 premium but I did not receive the PIN CODE yet. Tried it for like 10 times already. WHY???? @SpotifyCares,"Hi there! We're sorry to hear you're having trouble receiving your verification PIN. 

First, please try restarting the device and check with the mobile provider to ensure carrier billing and premium SMS services are enabled on the postpaid account. 

Since this involves payment and account details, please send us a Direct Message (DM) with the email address linked to your Spotify account and the phone number you're trying to use so we can safely help you further.",5,"The reply directly addresses the missing PIN issue with actionable initial troubleshooting steps, maintains a empathetic and professional tone, and appropriately requests a direct message to handle sensitive account details safely.",,4,Addresses the missing PIN and provides troubleshooting, but some suggested steps are not clearly supported by the historical evidence.
@SpotifyCares i invited a new family member to enjoy premium and it said invite came from a person with a different name. Help!,"Hi there! We'd be happy to help clear this up. This can sometimes happen if the invite link was generated while logged into a different account or if the display name on the plan manager's profile needs to be updated. 

Since this involves your account details, please send us a DM with the email address linked to your Spotify account, your display name, and the device you're using. We'll take a closer look into this for you there!",5,"The response directly addresses the customer's issue with plausible explanations, maintains an appropriate friendly tone, correctly transitions the conversation to DMs for privacy, and asks only for necessary account information.",,3,Polite and helpful, but the explanation about the cause is speculative and asks for more information than necessary.
@116888 @SpotifyCares Same exact issue. Sound won’t play more than 50% although i have it on full,"Hi there! We'd be happy to help with this audio issue. 

First, try going to **Settings > Playback** in the Spotify app and check your **Enable Audio Normalization** setting—try toggling it off, or set the **Volume level** to ""Loud."" Additionally, check your device's main sound settings to ensure a media volume limiter isn't enabled.

If the issue persists, could you please let us know your device model, operating system, and current Spotify app version?",5,"The agent provides clear, accurate, and highly actionable troubleshooting steps specific to the audio volume issue, maintains a friendly and professional support tone, and appropriately requests necessary technical details if the problem persists.",,4,Provides actionable troubleshooting and asks for useful technical details, but some specific settings advice may not apply to every device
@115888 Hey do you mean IDR 49.900?? cuz the last time i checked it's not IDR 4.900 for sure,"Hey there! Thanks for reaching out. The standard price for Spotify Premium Individual in Indonesia is indeed IDR 49,900/month. 

Since this involves billing details, please send us a DM with the email address linked to your Spotify account so we can safely look into this for you.",5,"The reply directly and accurately answers the customer's pricing question, maintains a friendly and professional tone, and appropriately directs the customer to a secure private message channel to assist further with account-specific billing details.",,2,The response gives a specific pricing claim without sufficient evidence in the available historical context.
@SpotifyCares  I've been having issues connecting to the Desktop App at work. Can you help me with this?,"Hi there! We'd be happy to help with this. Work networks often have firewalls or proxy settings that can restrict connections to the Spotify app. 

To help us narrow this down, could you let us know:
1. What operating system (Windows/Mac) and Spotify app version you're using?
2. Does the issue still happen if you try connecting via a mobile hotspot or through the Web Player?

If you're experiencing a login or account-specific issue, please send us a Direct Message with the email address associated with your Spotify account so we can assist further.",5,"The agent directly addresses the work network issue, explains a common cause (firewalls/proxies), provides actionable isolation tests (hotspot/Web Player), asks for necessary device details, and correctly directs account-specific issues to DM with an appropriate friendly tone.",,5,Strong response with relevant troubleshooting steps, useful diagnostic questions, and appropriate escalation guidance.
"@115888 Hi, my wife is a UK student (has a student card) but her college is not listed. How can she get student Spotify please?","Hi @115888! We'd love to help your wife get her Student discount set up. 

If her college isn't listed, she can usually request to add her school or submit official proof of enrollment (like her student card or transcript) directly through the SheerID verification page during the sign-up process. 

Since this involves account and discount eligibility, please send us a Direct Message (DM) with the email address associated with her Spotify account and the full name of her college so we can guide you on the next steps!",5,"The agent directly answers the customer's question regarding an unlisted college by accurately explaining the SheerID verification process. The tone is polite and professional, actionable guidance is provided, and the request to move to DMs to handle private account details is appropriate for social media support.",,3,Provides a potentially useful direction, but the specific verification process is asserted without sufficient supporting evidence
"@SpotifyCares Hey! So I can't renew my acc because it says that my balance isn't enough, the fact's mine's more than enough :(","Hey there! Sorry to hear you're having trouble renewing your subscription. This can sometimes happen due to temporary authorization holds, taxes, or transaction fees added by your bank or payment provider. 

Since this involves your payment details, please send us a DM with the email address associated with your Spotify account so we can take a closer look and guide you further!",5,"The agent directly addresses the customer's issue with empathy, clearly explains potential causes for the insufficient balance error (holds, taxes, fees), and securely invites the customer to DM their account details for personalized assistance.",,4,Empathetic and appropriately moves a payment-related issue to DM, but the possible causes are somewhat speculative
